id;created_date;title;comment
1;2020-03-26T09:08:06;Florida;interface alarm
2;2020-03-26T04:39:54;AGP;Money Market Account
3;2020-03-26T17:18:16;Mayotte parsing Accounts;Branding
4;2020-03-26T22:49:41;Games Iowa Money Market Account;Fiji Facilitator Distributed
5;2020-03-26T23:18:43;Towels experiences haptic;reboot
6;2020-03-26T05:25:31;Savings Account Small Cambridgeshire;bifurcated deposit dot-com
7;2020-03-26T19:31:57;Face to face Future;synergize reboot
8;2020-03-26T21:39:00;Jewelery;matrix Mauritius Rupee function
9;2020-03-26T20:36:38;online Turnpike black;Turkey parsing Inverse
10;2020-03-26T09:16:54;interfaces;syndicate withdrawal Sri Lanka
